<?xml version="1.0" encoding="utf-8"?>
<PluginInfo Project="7100Unity_WwiseProject" Platform="Windows" BasePlatform="Windows">
	<Plugins>
		<Plugin Name="Wwise Parametric EQ" ID="6881283" DLL="AkParametricEQ"/>
		<Plugin Name="Wwise Delay" ID="6946819" DLL="AkDelay"/>
		<Plugin Name="Wwise Compressor" ID="7077891" DLL="AkCompressor"/>
		<Plugin Name="Wwise Peak Limiter" ID="7208963" DLL="AkPeakLimiter"/>
		<Plugin Name="Wwise Matrix Reverb" ID="7536643" DLL="AkMatrixReverb"/>
		<Plugin Name="Wwise Tremolo" ID="8585219" DLL="AkTremolo"/>
		<Plugin Name="Wwise Pitch Shifter" ID="8912899" DLL="AkPitchShifter"/>
		<Plugin Name="Wwise Gain" ID="9109507" DLL="AkGain"/>
		<Plugin Name="Wwise Synth One" ID="9699330" DLL="AkSynthOne"/>
		<Plugin Name="System" ID="11403271" DLL="DefaultSink"/>
		<Plugin Name="No Output" ID="11862023" DLL="DefaultSink"/>
	</Plugins>
</PluginInfo>
